filename,width,height,class,xmin,ymin,xmax,ymax
img-1.jpg,720,720,pothole,213,240,525,378
img-10.jpg,720,720,pothole,285,214,444,355
img-100.jpg,720,720,pothole,235,272,434,388
img-101.jpg,720,720,pothole,228,303,394,432
img-101.jpg,720,720,pothole,397,317,554,411
img-102.jpg,720,720,pothole,230,246,492,550
img-103.jpg,720,720,pothole,264,251,479,366
img-104.jpg,720,720,pothole,235,164,480,335
img-104.jpg,720,720,pothole,441,433,506,492
img-105.jpg,720,720,pothole,293,296,444,409
img-105.jpg,720,720,pothole,297,453,340,490
img-106.jpg,720,720,pothole,144,168,511,475
img-106.jpg,720,720,pothole,492,141,605,305
img-107.jpg,720,720,pothole,230,286,456,459
img-108.jpg,720,720,pothole,270,198,442,326
img-108.jpg,720,720,pothole,232,261,305,328
img-108.jpg,720,720,pothole,513,187,572,219
img-108.jpg,720,720,pothole,266,573,384,695
img-108.jpg,720,720,pothole,672,481,720,544
img-109.jpg,720,720,pothole,337,244,451,337
img-109.jpg,720,720,pothole,282,362,454,528
img-109.jpg,720,720,pothole,60,428,228,522
img-11.jpg,720,720,pothole,223,245,466,489
img-110.jpg,720,720,pothole,224,290,638,411
img-110.jpg,720,720,pothole,82,184,180,211
img-111.jpg,720,720,pothole,337,265,425,319
img-111.jpg,720,720,pothole,237,318,402,470
img-111.jpg,720,720,pothole,11,489,92,596
img-112.jpg,720,720,pothole,176,171,513,301
img-113.jpg,720,720,pothole,90,142,595,459
img-114.jpg,720,720,pothole,271,260,403,373
img-115.jpg,720,720,pothole,230,275,454,394
img-116.jpg,720,720,pothole,295,265,530,411
img-116.jpg,720,720,pothole,90,478,181,573
img-117.jpg,720,720,pothole,280,270,404,517
img-117.jpg,720,720,pothole,271,49,379,87
img-118.jpg,720,720,pothole,155,151,504,595
img-119.jpg,720,720,pothole,188,212,395,389
img-119.jpg,720,720,pothole,144,597,302,720
img-12.jpg,720,720,pothole,278,373,535,639
img-120.jpg,720,720,pothole,242,346,492,440
img-121.jpg,720,720,pothole,159,230,331,352
img-121.jpg,720,720,pothole,270,368,498,547
img-121.jpg,720,720,pothole,523,498,580,558
img-122.jpg,720,720,pothole,260,288,476,430
img-123.jpg,720,720,pothole,459,267,641,436
img-124.jpg,720,720,pothole,169,32,269,80
img-124.jpg,720,720,pothole,213,236,504,492
img-124.jpg,720,720,pothole,456,329,575,450
img-124.jpg,720,720,pothole,513,218,554,247
img-124.jpg,720,720,pothole,519,33,607,146
img-124.jpg,720,720,pothole,60,184,150,243
img-124.jpg,720,720,pothole,237,0,273,25
img-125.jpg,720,720,pothole,293,302,461,410
img-125.jpg,720,720,pothole,180,73,272,107
img-125.jpg,720,720,pothole,184,111,279,150
img-126.jpg,720,720,pothole,226,284,461,416
img-126.jpg,720,720,pothole,479,147,560,211
img-126.jpg,720,720,pothole,0,209,48,235
img-127.jpg,720,720,pothole,357,306,537,398
img-127.jpg,720,720,pothole,221,329,326,411
img-127.jpg,720,720,pothole,321,417,504,552
img-128.jpg,720,720,pothole,269,203,437,399
img-129.jpg,720,720,pothole,248,285,351,374
img-129.jpg,720,720,pothole,329,378,427,431
img-13.jpg,720,720,pothole,160,288,396,433
img-13.jpg,720,720,pothole,269,150,499,219
img-13.jpg,720,720,pothole,490,27,594,65
img-13.jpg,720,720,pothole,619,11,693,39
img-130.jpg,720,720,pothole,295,270,426,340
img-130.jpg,720,720,pothole,401,236,449,271
img-131.jpg,720,720,pothole,271,383,374,471
img-132.jpg,720,720,pothole,97,222,584,434
img-132.jpg,720,720,pothole,0,195,45,236
img-133.jpg,720,720,pothole,305,287,436,348
img-134.jpg,720,720,pothole,290,274,422,399
img-134.jpg,720,720,pothole,125,41,215,121
img-135.jpg,720,720,pothole,149,293,520,489
img-135.jpg,720,720,pothole,514,431,619,509
img-135.jpg,720,720,pothole,513,53,720,142
img-135.jpg,720,720,pothole,270,200,354,249
img-136.jpg,720,720,pothole,290,261,400,390
img-137.jpg,720,720,pothole,299,279,461,421
img-138.jpg,720,720,pothole,324,312,438,368
img-139.jpg,720,720,pothole,278,260,429,397
img-14.jpg,720,720,pothole,144,246,636,524
img-14.jpg,720,720,pothole,35,196,142,258
img-140.jpg,720,720,pothole,304,342,505,489
img-140.jpg,720,720,pothole,165,74,420,188
img-141.jpg,720,720,pothole,400,444,504,523
img-141.jpg,720,720,pothole,283,359,427,464
img-141.jpg,720,720,pothole,207,293,325,380
img-141.jpg,720,720,pothole,0,168,141,279
img-142.jpg,720,720,pothole,181,299,538,397
img-143.jpg,720,720,pothole,275,318,441,426
img-144.jpg,720,720,pothole,259,354,429,464
img-144.jpg,720,720,pothole,31,201,103,246
img-145.jpg,720,720,pothole,288,320,435,411
img-146.jpg,720,720,pothole,153,253,439,421
img-147.jpg,720,720,pothole,312,299,410,418
img-147.jpg,720,720,pothole,413,220,479,278
img-148.jpg,720,720,pothole,254,246,385,383
img-148.jpg,720,720,pothole,663,121,720,161
img-149.jpg,720,720,pothole,195,233,506,351
img-15.jpg,720,720,pothole,249,322,462,433
img-150.jpg,720,720,pothole,216,279,559,400
img-151.jpg,720,720,pothole,269,269,483,409
img-152.jpg,720,720,pothole,261,262,343,306
img-152.jpg,720,720,pothole,309,313,496,369
img-152.jpg,720,720,pothole,385,496,508,555
img-152.jpg,720,720,pothole,470,607,584,692
img-152.jpg,720,720,pothole,201,629,290,683
img-153.jpg,720,720,pothole,297,297,425,387
img-154.jpg,720,720,pothole,94,242,539,642
img-155.jpg,720,720,pothole,420,248,583,378
img-155.jpg,720,720,pothole,407,474,533,608
img-155.jpg,720,720,pothole,247,330,309,393
img-156.jpg,720,720,pothole,204,255,452,425
img-156.jpg,720,720,pothole,448,145,573,193
img-157.jpg,720,720,pothole,243,260,437,379
img-157.jpg,720,720,pothole,202,207,266,241
img-158.jpg,720,720,pothole,297,292,462,409
img-158.jpg,720,720,pothole,158,337,293,422
img-159.jpg,720,720,pothole,304,304,437,407
img-159.jpg,720,720,pothole,423,577,481,620
img-159.jpg,720,720,pothole,225,202,346,288
img-16.jpg,720,720,pothole,258,279,452,460
img-160.jpg,720,720,pothole,491,1,683,165
img-160.jpg,720,720,pothole,371,289,523,428
img-160.jpg,720,720,pothole,233,395,443,541
img-160.jpg,720,720,pothole,581,131,693,232
img-161.jpg,720,720,pothole,281,289,420,383
img-162.jpg,720,720,pothole,221,246,480,386
img-163.jpg,720,720,pothole,257,282,517,487
img-163.jpg,720,720,pothole,662,216,720,267
img-164.jpg,720,720,pothole,220,286,489,424
img-165.jpg,720,720,pothole,225,311,486,446
img-166.jpg,720,720,pothole,250,274,468,426
img-166.jpg,720,720,pothole,64,305,119,358
img-167.jpg,720,720,pothole,279,263,470,407
img-167.jpg,720,720,pothole,166,403,321,500
img-167.jpg,720,720,pothole,202,56,276,84
img-168.jpg,720,720,pothole,242,262,475,358
img-168.jpg,720,720,pothole,79,95,146,139
img-169.jpg,720,720,pothole,154,259,465,418
img-17.jpg,720,720,pothole,124,313,416,507
img-17.jpg,720,720,pothole,522,239,675,358
img-170.jpg,720,720,pothole,330,243,429,291
img-170.jpg,720,720,pothole,230,495,377,589
img-171.jpg,720,720,pothole,244,191,485,347
img-172.jpg,720,720,pothole,208,69,384,143
img-172.jpg,720,720,pothole,13,184,105,273
img-172.jpg,720,720,pothole,0,1,77,61
img-172.jpg,720,720,pothole,38,1,171,39
img-172.jpg,720,720,pothole,223,342,576,558
img-173.jpg,720,720,pothole,226,251,488,359
img-173.jpg,720,720,pothole,211,363,509,456
img-174.jpg,720,720,pothole,259,371,533,504
img-175.jpg,720,720,pothole,178,230,405,438
img-175.jpg,720,720,pothole,392,277,535,469
img-175.jpg,720,720,pothole,416,18,498,95
img-176.jpg,720,720,pothole,257,283,454,401
img-176.jpg,720,720,pothole,63,267,173,337
img-177.jpg,720,720,pothole,255,248,444,366
img-178.jpg,720,720,pothole,261,315,453,417
img-178.jpg,720,720,pothole,12,412,163,491
img-178.jpg,720,720,pothole,0,343,77,408
img-179.jpg,720,720,pothole,295,249,457,468
img-179.jpg,720,720,pothole,205,221,300,383
img-179.jpg,720,720,pothole,94,239,215,375
img-179.jpg,720,720,pothole,274,27,381,140
img-179.jpg,720,720,pothole,573,59,673,126
img-18.jpg,720,720,pothole,269,215,405,301
img-18.jpg,720,720,pothole,309,332,487,421
img-18.jpg,720,720,pothole,134,487,218,546
img-18.jpg,720,720,pothole,55,108,147,152
img-18.jpg,720,720,pothole,0,80,52,111
img-180.jpg,720,720,pothole,218,279,507,421
img-181.jpg,720,720,pothole,291,333,466,455
img-182.jpg,720,720,pothole,285,287,443,442
img-182.jpg,720,720,pothole,0,216,99,311
img-182.jpg,720,720,pothole,417,647,551,720
img-183.jpg,720,720,pothole,175,224,489,466
img-184.jpg,720,720,pothole,23,24,52,34
img-184.jpg,720,720,pothole,0,46,36,68
img-184.jpg,720,720,pothole,55,30,109,54
img-184.jpg,720,720,pothole,84,0,117,10
img-184.jpg,720,720,pothole,58,13,85,24
img-184.jpg,720,720,pothole,35,0,70,10
img-184.jpg,720,720,pothole,11,0,34,4
img-184.jpg,720,720,pothole,0,3,16,13
img-184.jpg,720,720,pothole,300,255,394,322
img-184.jpg,720,720,pothole,530,145,558,164
img-184.jpg,720,720,pothole,362,572,403,606
img-185.jpg,720,720,pothole,261,269,483,476
img-186.jpg,720,720,pothole,122,316,412,453
img-186.jpg,720,720,pothole,441,263,684,385
img-187.jpg,720,720,pothole,233,282,472,420
img-188.jpg,720,720,pothole,266,227,410,329
img-188.jpg,720,720,pothole,299,349,430,438
img-188.jpg,720,720,pothole,432,258,588,350
img-189.jpg,720,720,pothole,261,278,468,412
img-19.jpg,720,720,pothole,270,227,417,339
img-19.jpg,720,720,pothole,162,395,297,486
img-190.jpg,720,720,pothole,161,253,472,443
img-190.jpg,720,720,pothole,472,419,630,506
img-191.jpg,720,720,pothole,271,335,467,494
img-191.jpg,720,720,pothole,272,237,393,297
img-191.jpg,720,720,pothole,163,402,235,446
img-192.jpg,720,720,pothole,276,294,415,397
img-193.jpg,720,720,pothole,272,347,361,400
img-193.jpg,720,720,pothole,566,380,638,418
img-194.jpg,720,720,pothole,261,290,469,419
img-195.jpg,720,720,pothole,117,147,276,219
img-195.jpg,720,720,pothole,182,266,437,481
img-196.jpg,720,720,pothole,274,301,490,416
img-196.jpg,720,720,pothole,470,200,535,238
img-196.jpg,720,720,pothole,301,229,462,305
img-197.jpg,720,720,pothole,338,346,485,443
img-197.jpg,720,720,pothole,459,320,539,375
img-197.jpg,720,720,pothole,205,400,364,524
img-198.jpg,720,720,pothole,194,224,349,277
img-198.jpg,720,720,pothole,140,273,367,356
img-198.jpg,720,720,pothole,301,356,351,396
img-198.jpg,720,720,pothole,370,378,600,483
img-199.jpg,720,720,pothole,245,312,427,552
img-199.jpg,720,720,pothole,420,308,529,402
img-2.jpg,720,720,pothole,307,234,458,325
img-2.jpg,720,720,pothole,264,299,363,382
img-2.jpg,720,720,pothole,190,423,257,503
img-20.jpg,720,720,pothole,231,248,345,313
img-20.jpg,720,720,pothole,157,183,219,227
img-20.jpg,720,720,pothole,275,304,440,425
img-200.jpg,720,720,pothole,202,358,288,403
img-200.jpg,720,720,pothole,273,319,406,392
img-200.jpg,720,720,pothole,398,293,501,360
img-200.jpg,720,720,pothole,665,165,720,229
img-201.jpg,720,720,pothole,218,224,588,516
img-202.jpg,720,720,pothole,292,374,372,451
img-202.jpg,720,720,pothole,285,296,408,376
img-202.jpg,720,720,pothole,302,236,413,292
img-202.jpg,720,720,pothole,294,47,380,158
img-202.jpg,720,720,pothole,152,509,204,564
img-202.jpg,720,720,pothole,39,481,95,589
img-202.jpg,720,720,pothole,297,670,370,718
img-203.jpg,720,720,pothole,185,296,425,403
img-203.jpg,720,720,pothole,619,302,684,366
img-203.jpg,720,720,pothole,397,231,598,325
img-204.jpg,720,720,pothole,190,175,358,315
img-204.jpg,720,720,pothole,281,381,447,519
img-205.jpg,720,720,pothole,274,166,715,384
img-205.jpg,720,720,pothole,0,412,326,607
img-206.jpg,720,720,pothole,216,291,487,464
img-206.jpg,720,720,pothole,76,658,237,720
img-207.jpg,720,720,pothole,183,269,554,503
img-207.jpg,720,720,pothole,324,569,489,719
img-208.jpg,720,720,pothole,287,158,446,294
img-208.jpg,720,720,pothole,415,368,533,511
img-208.jpg,720,720,pothole,271,437,419,584
img-209.jpg,720,720,pothole,297,206,507,399
img-21.jpg,720,720,pothole,244,262,504,534
img-21.jpg,720,720,pothole,0,595,157,719
img-210.jpg,720,720,pothole,194,123,518,455
img-210.jpg,720,720,pothole,22,633,143,720
img-211.jpg,720,720,pothole,234,262,532,438
img-212.jpg,720,720,pothole,283,256,484,442
img-213.jpg,720,720,pothole,244,238,472,440
img-214.jpg,720,720,pothole,256,298,402,415
img-215.jpg,720,720,pothole,213,202,371,373
img-216.jpg,720,720,pothole,300,284,483,375
img-216.jpg,720,720,pothole,257,136,402,223
img-216.jpg,720,720,pothole,456,440,553,494
img-217.jpg,720,720,pothole,354,380,449,483
img-217.jpg,720,720,pothole,283,531,368,606
img-218.jpg,720,720,pothole,264,264,422,435
img-218.jpg,720,720,pothole,624,68,720,116
img-219.jpg,720,720,pothole,192,253,494,391
img-22.jpg,720,720,pothole,257,348,422,602
img-220.jpg,720,720,pothole,193,249,463,423
img-220.jpg,720,720,pothole,435,628,602,704
img-221.jpg,720,720,pothole,257,315,387,401
img-221.jpg,720,720,pothole,260,132,303,169
img-222.jpg,720,720,pothole,254,223,445,498
img-223.jpg,720,720,pothole,327,315,436,428
img-224.jpg,720,720,pothole,257,300,463,471
img-225.jpg,720,720,pothole,86,125,124,145
img-225.jpg,720,720,pothole,278,246,380,322
img-225.jpg,720,720,pothole,390,18,453,48
img-225.jpg,720,720,pothole,347,0,377,19
img-226.jpg,720,720,pothole,190,325,437,491
img-227.jpg,720,720,pothole,205,205,472,333
img-227.jpg,720,720,pothole,26,539,720,720
img-228.jpg,720,720,pothole,265,266,495,464
img-229.jpg,720,720,pothole,279,268,399,338
img-229.jpg,720,720,pothole,320,316,490,426
img-229.jpg,720,720,pothole,0,550,123,673
img-23.jpg,720,720,pothole,175,183,607,332
img-23.jpg,720,720,pothole,118,169,172,195
img-23.jpg,720,720,pothole,0,12,67,52
img-23.jpg,720,720,pothole,173,551,343,711
img-23.jpg,720,720,pothole,284,138,443,189
img-230.jpg,720,720,pothole,251,320,475,441
img-230.jpg,720,720,pothole,422,131,508,164
img-230.jpg,720,720,pothole,201,120,272,144
img-231.jpg,720,720,pothole,245,219,483,390
img-231.jpg,720,720,pothole,336,67,422,97
img-232.jpg,720,720,pothole,317,160,410,236
img-232.jpg,720,720,pothole,221,495,391,664
img-232.jpg,720,720,pothole,92,15,135,42
img-232.jpg,720,720,pothole,412,0,478,41
img-233.jpg,720,720,pothole,270,250,470,402
img-233.jpg,720,720,pothole,380,206,444,248
img-234.jpg,720,720,pothole,298,323,410,403
img-235.jpg,720,720,pothole,228,197,503,464
img-236.jpg,720,720,pothole,247,231,410,350
img-236.jpg,720,720,pothole,24,136,139,211
img-236.jpg,720,720,pothole,278,423,499,619
img-237.jpg,720,720,pothole,251,191,509,397
img-237.jpg,720,720,pothole,213,219,333,301
img-237.jpg,720,720,pothole,156,376,221,419
img-237.jpg,720,720,pothole,0,562,102,662
img-237.jpg,720,720,pothole,688,411,720,500
img-238.jpg,720,720,pothole,203,311,480,435
img-239.jpg,720,720,pothole,232,272,455,404
img-24.jpg,720,720,pothole,284,313,418,421
img-24.jpg,720,720,pothole,348,73,449,133
img-240.jpg,720,720,pothole,281,243,456,457
img-240.jpg,720,720,pothole,332,28,367,56
img-240.jpg,720,720,pothole,384,44,420,59
img-240.jpg,720,720,pothole,387,23,426,42
img-241.jpg,720,720,pothole,207,108,304,166
img-241.jpg,720,720,pothole,357,201,522,311
img-241.jpg,720,720,pothole,494,211,644,292
img-241.jpg,720,720,pothole,334,279,403,315
img-241.jpg,720,720,pothole,221,320,391,481
img-241.jpg,720,720,pothole,393,345,527,423
img-241.jpg,720,720,pothole,420,541,519,683
img-242.jpg,720,720,pothole,214,317,487,474
img-243.jpg,720,720,pothole,242,339,462,409
img-244.jpg,720,720,pothole,240,307,465,492
img-244.jpg,720,720,pothole,578,342,720,455
img-245.jpg,720,720,pothole,246,295,409,411
img-245.jpg,720,720,pothole,360,222,463,311
img-246.jpg,720,720,pothole,188,273,437,414
img-246.jpg,720,720,pothole,298,141,458,257
img-247.jpg,720,720,pothole,261,275,449,397
img-248.jpg,720,720,pothole,125,247,475,421
img-248.jpg,720,720,pothole,581,50,720,106
img-248.jpg,720,720,pothole,212,44,333,83
img-249.jpg,720,720,pothole,222,292,475,479
img-25.jpg,720,720,pothole,215,257,597,481
img-250.jpg,720,720,pothole,129,274,619,481
img-251.jpg,720,720,pothole,213,291,577,523
img-252.jpg,720,720,pothole,119,165,311,251
img-252.jpg,720,720,pothole,510,379,631,452
img-252.jpg,720,720,pothole,396,446,580,567
img-253.jpg,720,720,pothole,241,303,600,397
img-254.jpg,720,720,pothole,221,270,470,414
img-255.jpg,720,720,pothole,282,312,419,368
img-256.jpg,720,720,pothole,223,387,382,577
img-256.jpg,720,720,pothole,333,54,429,152
img-257.jpg,720,720,pothole,261,310,415,505
img-257.jpg,720,720,pothole,425,108,486,143
img-258.jpg,720,720,pothole,260,306,465,411
img-259.jpg,720,720,pothole,249,243,464,413
img-259.jpg,720,720,pothole,192,107,255,165
img-26.jpg,720,720,pothole,288,296,434,411
img-26.jpg,720,720,pothole,662,320,720,369
img-260.jpg,720,720,pothole,197,272,449,378
img-261.jpg,720,720,pothole,213,251,483,409
img-262.jpg,720,720,pothole,276,263,377,349
img-263.jpg,720,720,pothole,228,241,444,362
img-264.jpg,720,720,pothole,211,186,497,372
img-265.jpg,720,720,pothole,38,354,112,417
img-265.jpg,720,720,pothole,321,311,563,433
img-265.jpg,720,720,pothole,81,198,241,303
img-266.jpg,720,720,pothole,228,263,465,421
img-266.jpg,720,720,pothole,531,487,590,534
img-267.jpg,720,720,pothole,264,281,378,356
img-267.jpg,720,720,pothole,330,351,452,515
img-267.jpg,720,720,pothole,67,352,261,494
img-267.jpg,720,720,pothole,607,0,720,35
img-268.jpg,720,720,pothole,258,195,494,414
img-269.jpg,720,720,pothole,278,323,386,435
img-269.jpg,720,720,pothole,602,497,661,553
img-27.jpg,720,720,pothole,305,325,398,408
img-270.jpg,720,720,pothole,273,282,420,375
img-270.jpg,720,720,pothole,0,66,135,120
img-271.jpg,720,720,pothole,168,239,531,403
img-272.jpg,720,720,pothole,264,265,470,382
img-272.jpg,720,720,pothole,578,308,720,385
img-273.jpg,720,720,pothole,294,326,446,390
img-273.jpg,720,720,pothole,161,578,720,720
img-274.jpg,720,720,pothole,353,240,475,298
img-274.jpg,720,720,pothole,189,323,419,406
img-274.jpg,720,720,pothole,141,223,301,292
img-275.jpg,720,720,pothole,235,279,548,446
img-276.jpg,720,720,pothole,266,307,485,483
img-277.jpg,720,720,pothole,263,294,405,374
img-278.jpg,720,720,pothole,407,140,498,251
img-278.jpg,720,720,pothole,210,387,301,507
img-279.jpg,720,720,pothole,302,291,441,417
img-28.jpg,720,720,pothole,288,260,451,393
img-28.jpg,720,720,pothole,504,165,571,229
img-28.jpg,720,720,pothole,595,111,666,156
img-28.jpg,720,720,pothole,641,385,715,462
img-280.jpg,720,720,pothole,243,280,449,438
img-281.jpg,720,720,pothole,158,235,575,392
img-282.jpg,720,720,pothole,256,224,412,360
img-282.jpg,720,720,pothole,160,396,249,483
img-283.jpg,720,720,pothole,215,269,427,422
img-283.jpg,720,720,pothole,441,224,496,274
img-283.jpg,720,720,pothole,103,112,211,159
img-284.jpg,720,720,pothole,256,258,456,425
img-284.jpg,720,720,pothole,160,278,245,452
img-285.jpg,720,720,pothole,242,268,456,473
img-286.jpg,400,300,pothole,143,159,234,205
img-286.jpg,400,300,pothole,194,210,249,232
img-286.jpg,400,300,pothole,192,77,212,92
img-287.jpg,401,300,pothole,15,90,353,282
img-288.jpg,533,300,pothole,217,27,283,67
img-288.jpg,533,300,pothole,331,33,386,58
img-288.jpg,533,300,pothole,201,179,231,195
img-288.jpg,533,300,pothole,435,223,529,268
img-288.jpg,533,300,pothole,309,237,418,287
img-289.jpg,300,442,pothole,91,275,198,391
img-29.jpg,720,720,pothole,302,270,456,385
img-29.jpg,720,720,pothole,426,374,497,430
img-290.jpg,533,300,pothole,1,154,533,300
img-291.jpg,536,300,pothole,66,188,389,300
img-292.jpg,300,444,pothole,5,138,164,239
img-292.jpg,300,444,pothole,22,17,65,33
img-292.jpg,300,444,pothole,20,1,59,8
img-293.jpg,400,300,pothole,161,135,264,185
img-293.jpg,400,300,pothole,298,82,345,98
img-293.jpg,400,300,pothole,102,109,161,129
img-293.jpg,400,300,pothole,52,215,124,245
img-294.jpg,534,300,pothole,351,252,430,292
img-294.jpg,534,300,pothole,263,238,299,256
img-294.jpg,534,300,pothole,196,191,212,202
img-294.jpg,534,300,pothole,174,194,190,202
img-295.jpg,533,300,pothole,67,110,465,268
img-296.jpg,544,300,pothole,15,19,510,300
img-297.jpg,533,300,pothole,271,122,309,141
img-297.jpg,533,300,pothole,288,108,321,126
img-297.jpg,533,300,pothole,245,96,287,110
img-297.jpg,533,300,pothole,183,142,333,189
img-297.jpg,533,300,pothole,89,201,407,298
img-298.jpg,449,300,pothole,104,83,221,127
img-298.jpg,449,300,pothole,265,125,332,155
img-299.jpg,453,300,pothole,201,37,317,121
img-299.jpg,453,300,pothole,41,123,245,291
img-299.jpg,453,300,pothole,15,1,178,74
img-3.jpg,720,720,pothole,273,264,497,468
img-30.jpg,720,720,pothole,266,252,456,483
img-30.jpg,720,720,pothole,0,179,44,240
img-30.jpg,720,720,pothole,233,112,281,157
img-300.jpg,300,300,pothole,22,144,252,186
img-300.jpg,300,300,pothole,2,112,147,129
img-300.jpg,300,300,pothole,94,81,157,96
img-300.jpg,300,300,pothole,1,192,300,287
img-301.jpg,534,300,pothole,245,177,393,248
img-301.jpg,534,300,pothole,422,124,534,170
img-301.jpg,534,300,pothole,491,283,534,300
img-301.jpg,534,300,pothole,441,198,482,218
img-301.jpg,534,300,pothole,479,188,533,202
img-302.jpg,400,300,pothole,32,90,259,262
img-303.jpg,456,300,pothole,246,115,441,159
img-303.jpg,456,300,pothole,159,97,237,155
img-304.jpg,503,300,pothole,264,57,503,198
img-304.jpg,503,300,pothole,1,78,249,256
img-305.jpg,574,300,pothole,236,138,288,173
img-305.jpg,574,300,pothole,378,189,484,250
img-306.jpg,533,300,pothole,85,112,322,271
img-306.jpg,533,300,pothole,418,158,533,276
img-307.jpg,571,300,pothole,197,8,428,273
img-308.jpg,400,300,pothole,190,151,283,201
img-309.jpg,533,300,pothole,1,58,529,207
img-31.jpg,720,720,pothole,229,280,439,411
img-310.jpg,451,300,pothole,144,138,252,163
img-310.jpg,451,300,pothole,341,100,414,118
img-310.jpg,451,300,pothole,149,159,417,274
img-311.jpg,450,300,pothole,104,94,440,300
img-312.jpg,533,300,pothole,8,118,497,246
img-313.jpg,400,300,pothole,49,130,88,143
img-313.jpg,400,300,pothole,1,146,400,300
img-314.jpg,450,300,pothole,111,60,275,263
img-315.jpg,450,300,pothole,155,175,329,258
img-315.jpg,450,300,pothole,14,194,57,220
img-315.jpg,450,300,pothole,377,124,443,139
img-315.jpg,450,300,pothole,233,130,257,140
img-315.jpg,450,300,pothole,367,209,411,226
img-316.jpg,458,300,pothole,38,97,267,252
img-317.jpg,450,300,pothole,143,96,305,186
img-318.jpg,489,300,pothole,127,195,412,285
img-319.jpg,300,369,pothole,71,136,236,212
img-32.jpg,720,720,pothole,110,147,253,234
img-32.jpg,720,720,pothole,254,278,505,501
img-320.jpg,688,300,pothole,34,103,644,230
img-320.jpg,688,300,pothole,276,23,362,58
img-321.jpg,300,300,pothole,1,112,254,252
img-322.jpg,453,300,pothole,16,73,440,230
img-323.jpg,426,300,pothole,163,149,286,185
img-323.jpg,426,300,pothole,42,197,424,292
img-323.jpg,426,300,pothole,1,176,71,211
img-323.jpg,426,300,pothole,313,139,373,150
img-323.jpg,426,300,pothole,282,116,363,125
img-324.jpg,450,300,pothole,210,148,397,280
img-325.jpg,533,300,pothole,92,128,135,149
img-325.jpg,533,300,pothole,155,74,252,115
img-325.jpg,533,300,pothole,325,59,375,74
img-325.jpg,533,300,pothole,306,78,353,103
img-325.jpg,533,300,pothole,335,114,375,136
img-325.jpg,533,300,pothole,422,192,531,273
img-326.jpg,442,300,pothole,95,51,300,201
img-327.jpg,600,300,pothole,21,118,138,158
img-327.jpg,600,300,pothole,129,54,466,233
img-328.jpg,418,300,pothole,207,216,256,234
img-328.jpg,418,300,pothole,152,202,184,212
img-328.jpg,418,300,pothole,55,251,190,287
img-328.jpg,418,300,pothole,145,231,185,247
img-329.jpg,667,300,pothole,313,243,338,253
img-329.jpg,667,300,pothole,291,219,324,228
img-329.jpg,667,300,pothole,461,234,493,250
img-329.jpg,667,300,pothole,509,263,550,278
img-329.jpg,667,300,pothole,352,272,374,286
img-329.jpg,667,300,pothole,379,245,430,253
img-33.jpg,720,720,pothole,255,258,433,358
img-33.jpg,720,720,pothole,524,339,638,429
img-330.jpg,300,400,pothole,25,182,246,386
img-330.jpg,300,400,pothole,79,29,216,92
img-331.jpg,366,300,pothole,188,214,283,275
img-331.jpg,366,300,pothole,202,135,278,162
img-331.jpg,366,300,pothole,244,110,310,125
img-331.jpg,366,300,pothole,259,89,304,101
img-331.jpg,366,300,pothole,234,81,273,91
img-331.jpg,366,300,pothole,219,74,254,82
img-331.jpg,366,300,pothole,249,62,273,70
img-331.jpg,366,300,pothole,139,117,184,131
img-331.jpg,366,300,pothole,147,105,179,117
img-331.jpg,366,300,pothole,184,91,211,100
img-331.jpg,366,300,pothole,126,94,159,104
img-331.jpg,366,300,pothole,112,107,135,116
img-331.jpg,366,300,pothole,6,212,51,242
img-332.jpg,480,300,pothole,119,201,358,247
img-332.jpg,480,300,pothole,146,159,235,172
img-332.jpg,480,300,pothole,278,135,399,146
img-332.jpg,480,300,pothole,135,90,272,111
img-332.jpg,480,300,pothole,159,59,215,69
img-333.jpg,451,300,pothole,1,179,26,195
img-333.jpg,451,300,pothole,1,161,55,173
img-333.jpg,451,300,pothole,74,167,112,179
img-333.jpg,451,300,pothole,102,194,225,235
img-334.jpg,536,300,pothole,104,39,260,99
img-334.jpg,536,300,pothole,403,21,470,46
img-334.jpg,536,300,pothole,446,46,504,63
img-334.jpg,536,300,pothole,190,141,476,300
img-335.jpg,400,300,pothole,270,86,377,141
img-335.jpg,400,300,pothole,220,33,286,63
img-335.jpg,400,300,pothole,292,32,333,47
img-335.jpg,400,300,pothole,1,83,133,140
img-335.jpg,400,300,pothole,340,34,396,66
img-336.jpg,300,403,pothole,144,98,212,129
img-336.jpg,300,403,pothole,90,130,143,146
img-336.jpg,300,403,pothole,64,166,300,333
img-337.jpg,482,300,pothole,153,92,346,178
img-338.jpg,400,300,pothole,62,74,370,257
img-339.jpg,553,300,pothole,249,101,273,115
img-34.jpg,720,720,pothole,99,244,611,570
img-340.jpg,450,300,pothole,7,74,217,137
img-340.jpg,450,300,pothole,206,106,450,151
img-341.jpg,453,300,pothole,35,204,240,300
img-341.jpg,453,300,pothole,261,127,312,160
img-341.jpg,453,300,pothole,383,135,453,173
img-342.jpg,450,300,pothole,1,143,375,300
img-343.jpg,540,300,pothole,1,139,540,300
img-344.jpg,449,300,pothole,244,65,333,83
img-344.jpg,449,300,pothole,300,1,374,12
img-344.jpg,449,300,pothole,141,124,231,161
img-344.jpg,449,300,pothole,118,161,255,202
img-344.jpg,449,300,pothole,166,207,307,266
img-345.jpg,514,300,pothole,98,198,418,237
img-345.jpg,514,300,pothole,1,278,98,300
img-346.jpg,345,300,pothole,74,103,295,300
img-346.jpg,345,300,pothole,155,50,211,79
img-346.jpg,345,300,pothole,245,53,279,73
img-346.jpg,345,300,pothole,261,78,280,92
img-347.jpg,400,300,pothole,114,80,283,178
img-348.jpg,362,300,pothole,5,21,299,300
img-349.jpg,452,300,pothole,336,114,381,137
img-349.jpg,452,300,pothole,61,123,227,226
img-349.jpg,452,300,pothole,268,175,300,187
img-349.jpg,452,300,pothole,312,236,342,251
img-349.jpg,452,300,pothole,297,255,315,265
img-349.jpg,452,300,pothole,207,79,221,87
img-35.jpg,720,720,pothole,273,275,423,354
img-350.jpg,452,300,pothole,80,121,146,135
img-350.jpg,452,300,pothole,172,100,249,112
img-350.jpg,452,300,pothole,69,139,314,300
img-350.jpg,452,300,pothole,202,111,382,144
img-350.jpg,452,300,pothole,215,94,294,114
img-351.jpg,533,300,pothole,1,101,468,300
img-352.jpg,400,300,pothole,81,133,355,299
img-352.jpg,400,300,pothole,236,102,280,131
img-353.jpg,400,300,pothole,199,163,235,185
img-353.jpg,400,300,pothole,174,140,229,162
img-353.jpg,400,300,pothole,168,118,222,140
img-354.jpg,400,300,pothole,108,198,170,219
img-354.jpg,400,300,pothole,190,164,281,193
img-354.jpg,400,300,pothole,260,249,333,279
img-354.jpg,400,300,pothole,82,284,165,300
img-354.jpg,400,300,pothole,320,203,359,214
img-355.jpg,300,400,pothole,135,186,182,221
img-356.jpg,533,300,pothole,85,216,226,287
img-357.jpg,453,300,pothole,100,126,350,213
img-358.jpg,400,300,pothole,4,137,90,187
img-358.jpg,400,300,pothole,97,124,343,220
img-359.jpg,450,300,pothole,17,88,146,121
img-359.jpg,450,300,pothole,41,73,72,85
img-359.jpg,450,300,pothole,27,125,413,245
img-36.jpg,720,720,pothole,258,335,417,506
img-360.jpg,300,442,pothole,121,273,219,347
img-360.jpg,300,442,pothole,178,400,260,435
img-360.jpg,300,442,pothole,189,261,262,295
img-360.jpg,300,442,pothole,209,234,300,251
img-360.jpg,300,442,pothole,136,202,224,220
img-360.jpg,300,442,pothole,134,191,216,198
img-360.jpg,300,442,pothole,131,171,172,180
img-361.jpg,533,300,pothole,246,58,493,238
img-362.jpg,480,300,pothole,169,239,285,268
img-362.jpg,480,300,pothole,52,217,202,245
img-363.jpg,300,400,pothole,65,122,229,299
img-364.jpg,451,300,pothole,104,196,328,300
img-365.jpg,571,300,pothole,426,119,487,135
img-365.jpg,571,300,pothole,411,135,571,185
img-365.jpg,571,300,pothole,1,136,348,243
img-365.jpg,571,300,pothole,430,223,571,300
img-366.jpg,462,300,pothole,9,123,387,247
img-367.jpg,449,300,pothole,150,81,258,210
img-368.jpg,533,300,pothole,106,198,147,225
img-368.jpg,533,300,pothole,158,160,256,211
img-368.jpg,533,300,pothole,218,248,313,294
img-368.jpg,533,300,pothole,310,170,333,182
img-368.jpg,533,300,pothole,270,74,311,82
img-369.jpg,533,300,pothole,1,50,471,300
img-37.jpg,720,720,pothole,180,323,396,425
img-37.jpg,720,720,pothole,305,273,525,331
img-37.jpg,720,720,pothole,537,285,626,333
img-370.jpg,695,300,pothole,164,209,345,289
img-371.jpg,600,300,pothole,356,52,447,138
img-372.jpg,479,300,pothole,141,157,310,251
img-373.jpg,450,300,pothole,104,133,348,263
img-374.jpg,383,300,pothole,92,196,269,276
img-374.jpg,383,300,pothole,226,98,349,116
img-374.jpg,383,300,pothole,1,89,42,97
img-375.jpg,450,300,pothole,105,225,200,260
img-375.jpg,450,300,pothole,162,187,216,199
img-376.jpg,530,300,pothole,158,164,235,185
img-376.jpg,530,300,pothole,319,186,386,211
img-377.jpg,534,300,pothole,235,53,284,62
img-377.jpg,534,300,pothole,135,133,392,259
img-378.jpg,400,300,pothole,209,158,366,263
img-379.jpg,425,300,pothole,128,166,289,220
img-38.jpg,720,720,pothole,239,220,465,447
img-38.jpg,720,720,pothole,397,168,462,211
img-380.jpg,450,300,pothole,54,39,393,242
img-381.jpg,300,400,pothole,57,126,254,309
img-382.jpg,451,300,pothole,4,216,172,245
img-382.jpg,451,300,pothole,83,192,199,213
img-382.jpg,451,300,pothole,233,168,297,176
img-383.jpg,425,300,pothole,49,157,99,172
img-383.jpg,425,300,pothole,99,182,138,200
img-383.jpg,425,300,pothole,151,153,194,166
img-383.jpg,425,300,pothole,245,168,299,186
img-383.jpg,425,300,pothole,142,213,287,253
img-383.jpg,425,300,pothole,1,127,51,138
img-383.jpg,425,300,pothole,116,122,145,130
img-384.jpg,402,300,pothole,146,101,360,259
img-384.jpg,402,300,pothole,34,54,151,118
img-385.jpg,457,300,pothole,33,73,441,278
img-386.jpg,494,300,pothole,118,66,485,276
img-387.jpg,401,300,pothole,129,137,324,209
img-387.jpg,401,300,pothole,339,183,401,208
img-388.jpg,400,300,pothole,148,137,225,213
img-388.jpg,400,300,pothole,178,92,201,104
img-389.jpg,480,300,pothole,174,96,265,123
img-389.jpg,480,300,pothole,325,100,438,115
img-389.jpg,480,300,pothole,254,70,319,78
img-389.jpg,480,300,pothole,200,133,241,150
img-389.jpg,480,300,pothole,2,160,243,300
img-39.jpg,720,720,pothole,204,211,470,503
img-390.jpg,300,400,pothole,60,30,247,328
img-391.jpg,400,300,pothole,296,214,338,244
img-391.jpg,400,300,pothole,134,84,290,183
img-391.jpg,400,300,pothole,76,65,153,101
img-391.jpg,400,300,pothole,17,50,55,73
img-391.jpg,400,300,pothole,1,28,22,43
img-392.jpg,449,300,pothole,215,191,301,210
img-392.jpg,449,300,pothole,205,286,395,300
img-393.jpg,450,300,pothole,157,99,296,142
img-393.jpg,450,300,pothole,153,198,281,257
img-394.jpg,450,300,pothole,1,150,139,235
img-394.jpg,450,300,pothole,131,2,433,138
img-395.jpg,451,300,pothole,218,146,248,157
img-395.jpg,451,300,pothole,29,210,114,253
img-395.jpg,451,300,pothole,162,221,267,263
img-396.jpg,533,300,pothole,1,39,533,246
img-397.jpg,533,300,pothole,337,248,398,273
img-397.jpg,533,300,pothole,178,147,281,169
img-397.jpg,533,300,pothole,147,118,225,147
img-398.jpg,684,300,pothole,31,40,607,300
img-399.jpg,447,300,pothole,342,137,369,153
img-399.jpg,447,300,pothole,222,96,334,118
img-399.jpg,447,300,pothole,3,146,109,233
img-399.jpg,447,300,pothole,1,237,46,300
img-399.jpg,447,300,pothole,168,214,334,294
img-399.jpg,447,300,pothole,322,197,357,219
img-399.jpg,447,300,pothole,206,150,264,174
img-399.jpg,447,300,pothole,160,182,187,194
img-399.jpg,447,300,pothole,138,119,165,132
img-399.jpg,447,300,pothole,290,125,340,145
img-399.jpg,447,300,pothole,312,153,333,163
img-399.jpg,447,300,pothole,362,176,387,193
img-399.jpg,447,300,pothole,344,225,371,243
img-399.jpg,447,300,pothole,134,90,210,103
img-4.jpg,720,720,pothole,177,273,576,539
img-40.jpg,720,720,pothole,270,224,478,477
img-400.jpg,533,300,pothole,164,90,452,294
img-401.jpg,533,300,pothole,155,189,466,239
img-402.jpg,449,300,pothole,201,14,317,147
img-403.jpg,527,300,pothole,139,160,491,269
img-404.jpg,467,300,pothole,165,90,389,266
img-404.jpg,467,300,pothole,90,150,136,174
img-404.jpg,467,300,pothole,57,89,103,118
img-405.jpg,400,300,pothole,78,201,191,299
img-405.jpg,400,300,pothole,1,104,131,170
img-405.jpg,400,300,pothole,132,124,173,151
img-405.jpg,400,300,pothole,195,156,313,227
img-405.jpg,400,300,pothole,203,111,311,150
img-405.jpg,400,300,pothole,244,84,302,105
img-405.jpg,400,300,pothole,159,80,210,96
img-405.jpg,400,300,pothole,368,163,400,195
img-406.jpg,454,300,pothole,74,42,454,282
img-407.jpg,400,300,pothole,66,184,128,196
img-407.jpg,400,300,pothole,38,218,104,242
img-407.jpg,400,300,pothole,151,233,269,287
img-407.jpg,400,300,pothole,298,180,343,192
img-407.jpg,400,300,pothole,308,208,379,231
img-407.jpg,400,300,pothole,365,244,400,284
img-407.jpg,400,300,pothole,162,142,235,156
img-407.jpg,400,300,pothole,110,126,135,137
img-407.jpg,400,300,pothole,159,105,192,113
img-408.jpg,450,300,pothole,214,177,289,197
img-408.jpg,450,300,pothole,271,157,298,166
img-408.jpg,450,300,pothole,116,219,258,298
img-409.jpg,455,300,pothole,12,186,107,239
img-409.jpg,455,300,pothole,170,64,413,145
img-409.jpg,455,300,pothole,274,189,342,258
img-41.jpg,720,720,pothole,167,233,562,399
img-41.jpg,720,720,pothole,506,118,720,200
img-410.jpg,400,300,pothole,164,91,333,234
img-411.jpg,442,300,pothole,201,216,299,271
img-411.jpg,442,300,pothole,209,137,289,165
img-411.jpg,442,300,pothole,252,112,316,131
img-411.jpg,442,300,pothole,266,94,311,106
img-411.jpg,442,300,pothole,212,104,268,121
img-411.jpg,442,300,pothole,154,122,198,135
img-411.jpg,442,300,pothole,157,111,193,122
img-411.jpg,442,300,pothole,196,97,219,104
img-411.jpg,442,300,pothole,244,87,277,95
img-411.jpg,442,300,pothole,228,80,263,88
img-411.jpg,442,300,pothole,26,214,70,241
img-411.jpg,442,300,pothole,257,69,281,76
img-411.jpg,442,300,pothole,139,100,174,110
img-412.jpg,450,300,pothole,143,160,331,273
img-412.jpg,450,300,pothole,1,130,51,154
img-413.jpg,533,300,pothole,78,156,163,174
img-413.jpg,533,300,pothole,236,123,322,137
img-413.jpg,533,300,pothole,277,147,401,177
img-414.jpg,439,300,pothole,21,108,327,258
img-415.jpg,400,300,pothole,150,138,261,184
img-415.jpg,400,300,pothole,84,79,158,97
img-415.jpg,400,300,pothole,273,164,273,165
img-416.jpg,461,300,pothole,42,64,146,96
img-416.jpg,461,300,pothole,144,110,371,211
img-417.jpg,480,300,pothole,85,95,421,251
img-418.jpg,450,300,pothole,33,145,88,159
img-418.jpg,450,300,pothole,1,164,43,187
img-418.jpg,450,300,pothole,1,227,90,257
img-418.jpg,450,300,pothole,150,158,238,193
img-418.jpg,450,300,pothole,276,117,338,139
img-418.jpg,450,300,pothole,257,95,291,103
img-418.jpg,450,300,pothole,1,85,39,101
img-419.jpg,451,300,pothole,1,161,154,300
img-419.jpg,451,300,pothole,208,14,344,201
img-42.jpg,720,720,pothole,368,386,509,480
img-42.jpg,720,720,pothole,41,265,386,381
img-420.jpg,450,300,pothole,68,106,352,215
img-421.jpg,533,300,pothole,118,201,244,237
img-421.jpg,533,300,pothole,268,202,342,245
img-421.jpg,533,300,pothole,382,216,440,253
img-421.jpg,533,300,pothole,318,83,335,94
img-422.jpg,450,300,pothole,46,158,446,288
img-423.jpg,443,300,pothole,118,152,291,232
img-424.jpg,533,300,pothole,49,93,468,245
img-425.jpg,400,300,pothole,89,201,223,250
img-425.jpg,400,300,pothole,230,165,386,195
img-426.jpg,600,300,pothole,1,52,438,272
img-427.jpg,300,300,pothole,43,75,241,181
img-428.jpg,300,356,pothole,87,291,197,341
img-428.jpg,300,356,pothole,61,212,118,234
img-428.jpg,300,356,pothole,157,191,210,212
img-428.jpg,300,356,pothole,159,159,191,171
img-428.jpg,300,356,pothole,123,158,156,167
img-428.jpg,300,356,pothole,143,133,181,141
img-429.jpg,533,300,pothole,52,68,486,189
img-429.jpg,533,300,pothole,41,220,211,288
img-43.jpg,720,720,pothole,257,115,545,263
img-43.jpg,720,720,pothole,156,465,328,720
img-43.jpg,720,720,pothole,0,127,58,207
img-430.jpg,451,300,pothole,225,230,371,277
img-430.jpg,451,300,pothole,128,51,170,63
img-431.jpg,533,300,pothole,92,176,177,206
img-431.jpg,533,300,pothole,119,197,435,255
img-431.jpg,533,300,pothole,273,256,533,300
img-431.jpg,533,300,pothole,110,281,204,299
img-432.jpg,482,300,pothole,99,54,362,209
img-433.jpg,400,300,pothole,138,85,276,199
img-433.jpg,400,300,pothole,58,7,171,91
img-434.jpg,450,300,pothole,177,154,409,278
img-435.jpg,601,300,pothole,335,227,516,282
img-436.jpg,534,300,pothole,484,184,527,198
img-436.jpg,534,300,pothole,376,168,462,197
img-436.jpg,534,300,pothole,300,156,346,182
img-436.jpg,534,300,pothole,239,147,302,182
img-436.jpg,534,300,pothole,252,128,276,141
img-436.jpg,534,300,pothole,163,135,213,148
img-436.jpg,534,300,pothole,109,188,309,234
img-437.jpg,533,300,pothole,1,108,533,257
img-438.jpg,400,300,pothole,257,54,378,126
img-439.jpg,684,300,pothole,89,73,555,237
img-439.jpg,684,300,pothole,331,56,408,88
img-439.jpg,684,300,pothole,386,18,517,44
img-44.jpg,720,720,pothole,283,248,439,342
img-44.jpg,720,720,pothole,473,200,571,248
img-440.jpg,533,300,pothole,93,41,516,300
img-441.jpg,533,300,pothole,166,114,341,169
img-441.jpg,533,300,pothole,418,160,484,184
img-441.jpg,533,300,pothole,134,104,166,115
img-442.jpg,450,300,pothole,163,129,272,197
img-443.jpg,533,300,pothole,36,187,143,217
img-443.jpg,533,300,pothole,120,171,154,178
img-443.jpg,533,300,pothole,164,165,233,175
img-443.jpg,533,300,pothole,378,181,533,220
img-443.jpg,533,300,pothole,44,227,210,294
img-444.jpg,458,300,pothole,158,151,232,193
img-444.jpg,458,300,pothole,195,117,237,136
img-444.jpg,458,300,pothole,327,135,401,163
img-444.jpg,458,300,pothole,411,155,454,167
img-444.jpg,458,300,pothole,308,158,362,186
img-444.jpg,458,300,pothole,244,219,380,300
img-444.jpg,458,300,pothole,131,86,152,95
img-444.jpg,458,300,pothole,113,79,127,84
img-445.jpg,401,300,pothole,73,108,352,229
img-445.jpg,401,300,pothole,131,26,193,40
img-446.jpg,396,300,pothole,188,106,223,116
img-446.jpg,396,300,pothole,182,95,206,105
img-446.jpg,396,300,pothole,161,89,182,95
img-446.jpg,396,300,pothole,171,134,205,142
img-446.jpg,396,300,pothole,178,144,244,163
img-446.jpg,396,300,pothole,188,174,315,218
img-446.jpg,396,300,pothole,168,242,214,266
img-446.jpg,396,300,pothole,240,261,305,300
img-447.jpg,534,300,pothole,42,116,300,266
img-448.jpg,435,300,pothole,14,154,341,285
img-448.jpg,435,300,pothole,283,220,435,300
img-448.jpg,435,300,pothole,383,138,416,156
img-449.jpg,557,300,pothole,166,28,339,123
img-449.jpg,557,300,pothole,457,44,557,101
img-449.jpg,557,300,pothole,429,86,477,112
img-449.jpg,557,300,pothole,81,135,527,300
img-45.jpg,720,720,pothole,245,299,422,397
img-450.jpg,400,300,pothole,91,82,314,168
img-451.jpg,470,300,pothole,329,210,372,238
img-451.jpg,470,300,pothole,215,166,322,237
img-451.jpg,470,300,pothole,159,180,214,209
img-452.jpg,604,300,pothole,53,95,452,299
img-453.jpg,450,300,pothole,110,178,300,297
img-454.jpg,381,300,pothole,166,125,199,133
img-454.jpg,381,300,pothole,144,183,283,216
img-454.jpg,381,300,pothole,18,224,189,300
img-454.jpg,381,300,pothole,195,128,258,143
img-455.jpg,455,300,pothole,266,109,323,138
img-456.jpg,533,300,pothole,107,144,403,205
img-457.jpg,400,300,pothole,165,124,193,135
img-457.jpg,400,300,pothole,66,105,90,113
img-457.jpg,400,300,pothole,213,162,367,207
img-458.jpg,481,300,pothole,70,93,340,141
img-459.jpg,533,300,pothole,16,128,170,154
img-459.jpg,533,300,pothole,255,167,511,236
img-46.jpg,720,720,pothole,215,349,434,472
img-460.jpg,451,300,pothole,154,90,385,130
img-460.jpg,451,300,pothole,1,194,216,264
img-461.jpg,463,300,pothole,185,227,276,283
img-462.jpg,425,300,pothole,187,203,315,272
img-463.jpg,370,300,pothole,92,177,366,284
img-464.jpg,690,300,pothole,217,109,509,295
img-465.jpg,510,300,pothole,168,92,482,201
img-465.jpg,510,300,pothole,159,202,313,247
img-465.jpg,510,300,pothole,29,260,148,299
img-466.jpg,382,300,pothole,196,207,317,260
img-467.jpg,716,300,pothole,120,160,596,225
img-468.jpg,401,300,pothole,162,120,300,152
img-469.jpg,450,300,pothole,195,193,332,300
img-469.jpg,450,300,pothole,268,150,358,184
img-469.jpg,450,300,pothole,377,144,414,166
img-47.jpg,720,720,pothole,231,241,467,385
img-470.jpg,459,300,pothole,52,77,180,141
img-471.jpg,400,300,pothole,125,200,214,232
img-471.jpg,400,300,pothole,237,237,289,273
img-471.jpg,400,300,pothole,208,183,254,202
img-471.jpg,400,300,pothole,200,164,237,179
img-471.jpg,400,300,pothole,154,176,192,191
img-471.jpg,400,300,pothole,151,148,185,158
img-471.jpg,400,300,pothole,215,139,280,151
img-471.jpg,400,300,pothole,271,150,310,162
img-471.jpg,400,300,pothole,194,127,229,135
img-471.jpg,400,300,pothole,1,185,63,211
img-471.jpg,400,300,pothole,33,169,73,182
img-471.jpg,400,300,pothole,50,155,95,170
img-471.jpg,400,300,pothole,85,138,112,145
img-471.jpg,400,300,pothole,111,128,139,135
img-471.jpg,400,300,pothole,86,115,129,124
img-471.jpg,400,300,pothole,139,102,180,110
img-471.jpg,400,300,pothole,130,110,156,116
img-471.jpg,400,300,pothole,194,114,217,120
img-472.jpg,506,300,pothole,46,143,379,271
img-473.jpg,400,300,pothole,65,90,353,191
img-474.jpg,401,300,pothole,102,189,223,243
img-474.jpg,401,300,pothole,222,168,293,201
img-474.jpg,401,300,pothole,266,139,332,170
img-475.jpg,460,300,pothole,17,34,415,253
img-476.jpg,450,300,pothole,64,155,131,185
img-476.jpg,450,300,pothole,287,135,321,150
img-476.jpg,450,300,pothole,297,176,338,205
img-476.jpg,450,300,pothole,259,232,325,274
img-477.jpg,400,300,pothole,137,129,277,198
img-477.jpg,400,300,pothole,158,32,247,57
img-477.jpg,400,300,pothole,259,217,384,299
img-478.jpg,427,300,pothole,111,156,328,279
img-478.jpg,427,300,pothole,333,151,398,169
img-479.jpg,720,280,pothole,192,79,504,203
img-48.jpg,720,720,pothole,173,301,429,396
img-48.jpg,720,720,pothole,389,396,489,468
img-480.jpg,450,300,pothole,149,131,306,231
img-480.jpg,450,300,pothole,234,237,316,300
img-480.jpg,450,300,pothole,156,113,214,129
img-481.jpg,533,300,pothole,22,187,384,262
img-482.jpg,571,300,pothole,232,76,293,89
img-482.jpg,571,300,pothole,107,112,280,127
img-482.jpg,571,300,pothole,146,142,397,188
img-482.jpg,571,300,pothole,99,193,507,286
img-483.jpg,400,300,pothole,74,39,307,272
img-484.jpg,450,300,pothole,78,100,150,110
img-484.jpg,450,300,pothole,202,91,233,102
img-484.jpg,450,300,pothole,178,116,321,168
img-484.jpg,450,300,pothole,298,113,378,141
img-484.jpg,450,300,pothole,13,180,370,298
img-485.jpg,534,300,pothole,145,173,532,300
img-486.jpg,400,300,pothole,162,151,280,187
img-486.jpg,400,300,pothole,14,146,118,179
img-486.jpg,400,300,pothole,54,186,123,218
img-486.jpg,400,300,pothole,27,229,106,260
img-486.jpg,400,300,pothole,183,196,307,262
img-486.jpg,400,300,pothole,110,114,163,125
img-487.jpg,533,300,pothole,248,147,422,188
img-487.jpg,533,300,pothole,82,164,465,300
img-488.jpg,400,300,pothole,191,163,219,186
img-488.jpg,400,300,pothole,184,196,391,250
img-489.jpg,300,300,pothole,1,81,179,226
img-489.jpg,300,300,pothole,1,246,66,282
img-49.jpg,720,720,pothole,239,302,491,524
img-49.jpg,720,720,pothole,110,135,257,208
img-490.jpg,533,300,pothole,243,123,366,159
img-490.jpg,533,300,pothole,36,119,193,139
img-490.jpg,533,300,pothole,1,149,100,177
img-490.jpg,533,300,pothole,1,175,468,300
img-491.jpg,480,300,pothole,145,236,348,298
img-491.jpg,480,300,pothole,313,181,463,252
img-492.jpg,300,400,pothole,103,85,209,123
img-492.jpg,300,400,pothole,73,60,114,77
img-492.jpg,300,400,pothole,108,45,176,61
img-492.jpg,300,400,pothole,180,53,219,75
img-492.jpg,300,400,pothole,4,214,279,400
img-493.jpg,300,400,pothole,91,177,117,193
img-493.jpg,300,400,pothole,92,163,110,174
img-493.jpg,300,400,pothole,87,243,107,256
img-493.jpg,300,400,pothole,72,281,100,298
img-493.jpg,300,400,pothole,100,293,164,348
img-493.jpg,300,400,pothole,253,255,269,275
img-493.jpg,300,400,pothole,186,267,203,288
img-493.jpg,300,400,pothole,152,164,167,173
img-493.jpg,300,400,pothole,209,147,253,162
img-493.jpg,300,400,pothole,268,170,281,180
img-493.jpg,300,400,pothole,253,181,266,190
img-493.jpg,300,400,pothole,277,212,300,222
img-493.jpg,300,400,pothole,275,202,293,209
img-493.jpg,300,400,pothole,194,226,213,237
img-493.jpg,300,400,pothole,214,244,226,254
img-493.jpg,300,400,pothole,167,353,202,400
img-494.jpg,400,300,pothole,50,40,95,64
img-494.jpg,400,300,pothole,1,74,30,101
img-494.jpg,400,300,pothole,93,78,290,232
img-494.jpg,400,300,pothole,331,138,372,158
img-495.jpg,544,300,pothole,136,59,544,300
img-496.jpg,465,300,pothole,1,106,465,300
img-497.jpg,450,300,pothole,105,61,350,270
img-498.jpg,453,300,pothole,16,211,127,248
img-498.jpg,453,300,pothole,205,171,248,192
img-498.jpg,453,300,pothole,239,151,277,165
img-498.jpg,453,300,pothole,285,116,331,131
img-498.jpg,453,300,pothole,323,98,359,107
img-499.jpg,400,300,pothole,75,92,312,205
img-5.jpg,720,720,pothole,233,315,528,412
img-5.jpg,720,720,pothole,125,453,212,507
img-50.jpg,720,720,pothole,276,272,394,344
img-500.jpg,300,451,pothole,172,187,300,236
img-500.jpg,300,451,pothole,85,166,161,227
img-501.jpg,450,300,pothole,30,230,153,271
img-501.jpg,450,300,pothole,30,214,86,233
img-501.jpg,450,300,pothole,251,227,426,263
img-502.jpg,450,300,pothole,86,53,148,73
img-502.jpg,450,300,pothole,42,63,89,87
img-502.jpg,450,300,pothole,1,101,59,122
img-502.jpg,450,300,pothole,14,117,162,153
img-502.jpg,450,300,pothole,270,150,450,195
img-502.jpg,450,300,pothole,19,172,302,300
img-503.jpg,600,300,pothole,75,80,523,229
img-504.jpg,460,300,pothole,234,55,283,81
img-504.jpg,460,300,pothole,243,107,338,163
img-504.jpg,460,300,pothole,71,155,345,260
img-505.jpg,571,300,pothole,166,209,337,280
img-506.jpg,520,300,pothole,67,150,323,272
img-507.jpg,373,300,pothole,174,200,275,223
img-507.jpg,373,300,pothole,41,152,242,190
img-507.jpg,373,300,pothole,70,139,127,148
img-507.jpg,373,300,pothole,63,107,177,135
img-507.jpg,373,300,pothole,120,59,249,78
img-507.jpg,373,300,pothole,111,29,246,47
img-507.jpg,373,300,pothole,122,18,234,30
img-508.jpg,533,300,pothole,237,35,363,77
img-508.jpg,533,300,pothole,74,5,170,28
img-508.jpg,533,300,pothole,62,34,189,77
img-508.jpg,533,300,pothole,184,85,277,126
img-508.jpg,533,300,pothole,295,123,402,163
img-508.jpg,533,300,pothole,352,203,514,288
img-508.jpg,533,300,pothole,85,152,289,242
img-508.jpg,533,300,pothole,366,30,445,55
img-508.jpg,533,300,pothole,439,53,533,87
img-508.jpg,533,300,pothole,320,1,408,19
img-509.jpg,533,300,pothole,229,185,333,300
img-509.jpg,533,300,pothole,333,159,451,235
img-509.jpg,533,300,pothole,482,226,520,254
img-509.jpg,533,300,pothole,303,90,371,119
img-509.jpg,533,300,pothole,234,83,286,104
img-509.jpg,533,300,pothole,189,103,335,163
img-509.jpg,533,300,pothole,320,132,356,149
img-509.jpg,533,300,pothole,289,143,316,156
img-509.jpg,533,300,pothole,37,115,203,254
img-51.jpg,720,720,pothole,273,284,439,387
img-51.jpg,720,720,pothole,389,387,490,493
img-510.jpg,583,300,pothole,171,150,233,178
img-510.jpg,583,300,pothole,192,124,237,144
img-510.jpg,583,300,pothole,259,140,299,156
img-510.jpg,583,300,pothole,320,147,361,163
img-510.jpg,583,300,pothole,324,106,364,125
img-510.jpg,583,300,pothole,400,107,437,129
img-510.jpg,583,300,pothole,236,181,327,224
img-510.jpg,583,300,pothole,271,233,333,275
img-510.jpg,583,300,pothole,479,24,574,53
img-510.jpg,583,300,pothole,265,51,329,68
img-510.jpg,583,300,pothole,184,80,224,93
img-510.jpg,583,300,pothole,139,57,177,73
img-510.jpg,583,300,pothole,109,73,142,89
img-510.jpg,583,300,pothole,50,82,107,101
img-510.jpg,583,300,pothole,109,104,165,128
img-510.jpg,583,300,pothole,186,94,218,107
img-510.jpg,583,300,pothole,421,68,455,81
img-511.jpg,451,300,pothole,132,54,380,194
img-512.jpg,400,300,pothole,93,90,182,130
img-512.jpg,400,300,pothole,303,94,337,105
img-512.jpg,400,300,pothole,278,80,318,93
img-512.jpg,400,300,pothole,146,153,327,242
img-512.jpg,400,300,pothole,222,245,352,300
img-513.jpg,400,300,pothole,43,94,309,182
img-514.jpg,300,397,pothole,151,156,190,180
img-514.jpg,300,397,pothole,122,135,154,152
img-514.jpg,300,397,pothole,109,113,150,136
img-514.jpg,300,397,pothole,69,141,114,168
img-514.jpg,300,397,pothole,208,133,226,143
img-514.jpg,300,397,pothole,94,223,223,363
img-515.jpg,449,300,pothole,101,67,314,216
img-516.jpg,453,300,pothole,244,169,350,296
img-516.jpg,453,300,pothole,191,264,246,299
img-516.jpg,453,300,pothole,18,8,149,59
img-516.jpg,453,300,pothole,403,23,453,49
img-517.jpg,533,300,pothole,299,137,401,173
img-517.jpg,533,300,pothole,135,191,487,272
img-518.jpg,533,300,pothole,118,111,433,230
img-519.jpg,300,450,pothole,72,144,117,154
img-519.jpg,300,450,pothole,141,78,177,87
img-519.jpg,300,450,pothole,182,83,234,95
img-519.jpg,300,450,pothole,182,128,248,148
img-519.jpg,300,450,pothole,201,157,265,182
img-519.jpg,300,450,pothole,68,79,116,86
img-519.jpg,300,450,pothole,134,58,147,66
img-519.jpg,300,450,pothole,94,226,283,392
img-52.jpg,720,720,pothole,289,297,499,423
img-52.jpg,720,720,pothole,262,420,360,478
img-520.jpg,720,251,pothole,183,180,453,250
img-521.jpg,450,300,pothole,41,130,283,224
img-522.jpg,450,300,pothole,39,179,198,230
img-522.jpg,450,300,pothole,231,217,259,228
img-522.jpg,450,300,pothole,269,245,402,278
img-523.jpg,400,300,pothole,89,138,328,215
img-523.jpg,400,300,pothole,28,115,93,136
img-524.jpg,533,300,pothole,277,218,439,272
img-524.jpg,533,300,pothole,297,166,385,182
img-524.jpg,533,300,pothole,354,153,453,180
img-524.jpg,533,300,pothole,223,132,289,155
img-524.jpg,533,300,pothole,1,209,195,253
img-525.jpg,400,300,pothole,71,161,248,214
img-525.jpg,400,300,pothole,29,261,93,296
img-525.jpg,400,300,pothole,93,267,165,299
img-525.jpg,400,300,pothole,236,89,334,113
img-526.jpg,407,300,pothole,105,152,224,184
img-526.jpg,407,300,pothole,94,122,152,152
img-526.jpg,407,300,pothole,37,146,77,158
img-526.jpg,407,300,pothole,33,170,139,220
img-526.jpg,407,300,pothole,75,219,272,254
img-526.jpg,407,300,pothole,247,179,407,252
img-526.jpg,407,300,pothole,325,268,365,300
img-526.jpg,407,300,pothole,356,144,401,154
img-526.jpg,407,300,pothole,300,154,372,188
img-526.jpg,407,300,pothole,257,139,346,154
img-527.jpg,450,300,pothole,158,180,318,233
img-528.jpg,450,300,pothole,107,27,406,279
img-529.jpg,450,300,pothole,145,73,244,125
img-529.jpg,450,300,pothole,277,97,347,137
img-529.jpg,450,300,pothole,205,201,270,242
img-529.jpg,450,300,pothole,292,188,450,300
img-53.jpg,720,720,pothole,213,248,458,464
img-53.jpg,720,720,pothole,580,446,670,573
img-530.jpg,509,300,pothole,1,15,59,54
img-530.jpg,509,300,pothole,56,1,138,16
img-530.jpg,509,300,pothole,139,1,297,41
img-530.jpg,509,300,pothole,334,1,497,42
img-530.jpg,509,300,pothole,236,50,355,102
img-530.jpg,509,300,pothole,91,93,217,143
img-530.jpg,509,300,pothole,227,125,460,238
img-530.jpg,509,300,pothole,1,184,157,285
img-531.jpg,400,300,pothole,118,195,161,211
img-531.jpg,400,300,pothole,174,187,232,210
img-531.jpg,400,300,pothole,156,208,208,229
img-531.jpg,400,300,pothole,141,230,208,263
img-531.jpg,400,300,pothole,168,174,214,187
img-531.jpg,400,300,pothole,141,171,191,178
img-531.jpg,400,300,pothole,146,157,161,165
img-531.jpg,400,300,pothole,75,274,141,300
img-531.jpg,400,300,pothole,144,262,284,299
img-532.jpg,517,300,pothole,201,196,336,300
img-532.jpg,517,300,pothole,228,150,306,176
img-533.jpg,451,300,pothole,272,104,330,129
img-533.jpg,451,300,pothole,172,121,232,137
img-533.jpg,451,300,pothole,1,171,413,300
img-534.jpg,400,300,pothole,148,166,184,176
img-534.jpg,400,300,pothole,1,239,53,256
img-534.jpg,400,300,pothole,175,245,336,290
img-534.jpg,400,300,pothole,253,166,400,180
img-534.jpg,400,300,pothole,184,128,279,143
img-535.jpg,449,300,pothole,181,160,353,227
img-535.jpg,449,300,pothole,153,118,282,159
img-535.jpg,449,300,pothole,119,72,171,97
img-535.jpg,449,300,pothole,121,48,163,59
img-535.jpg,449,300,pothole,126,37,160,46
img-536.jpg,533,300,pothole,1,50,531,300
img-537.jpg,400,300,pothole,90,16,329,300
img-538.jpg,450,300,pothole,125,95,418,275
img-539.jpg,450,300,pothole,1,116,109,193
img-539.jpg,450,300,pothole,1,50,40,89
img-539.jpg,450,300,pothole,181,126,297,147
img-539.jpg,450,300,pothole,229,149,402,195
img-54.jpg,720,720,pothole,245,296,498,506
img-540.jpg,450,300,pothole,181,75,227,96
img-540.jpg,450,300,pothole,175,147,352,299
img-541.jpg,450,300,pothole,168,140,376,300
img-542.jpg,404,300,pothole,90,1,209,57
img-542.jpg,404,300,pothole,1,53,402,275
img-543.jpg,360,300,pothole,125,85,264,133
img-543.jpg,360,300,pothole,87,85,160,255
img-544.jpg,400,300,pothole,105,164,342,257
img-544.jpg,400,300,pothole,220,153,297,177
img-545.jpg,677,300,pothole,236,103,527,197
img-545.jpg,677,300,pothole,1,133,134,194
img-546.jpg,464,300,pothole,210,194,367,251
img-547.jpg,300,400,pothole,124,153,194,191
img-547.jpg,300,400,pothole,133,109,246,142
img-547.jpg,300,400,pothole,35,207,204,339
img-548.jpg,451,300,pothole,124,119,303,205
img-548.jpg,451,300,pothole,325,87,353,102
img-549.jpg,400,300,pothole,205,149,368,215
img-549.jpg,400,300,pothole,310,103,377,136
img-55.jpg,720,720,pothole,96,452,172,503
img-55.jpg,720,720,pothole,150,395,247,448
img-55.jpg,720,720,pothole,290,306,473,419
img-55.jpg,720,720,pothole,404,169,477,222
img-55.jpg,720,720,pothole,0,27,201,141
img-550.jpg,400,300,pothole,110,128,222,182
img-550.jpg,400,300,pothole,41,135,110,190
img-550.jpg,400,300,pothole,17,210,70,246
img-550.jpg,400,300,pothole,289,75,368,110
img-550.jpg,400,300,pothole,260,119,346,164
img-550.jpg,400,300,pothole,269,170,362,222
img-550.jpg,400,300,pothole,267,286,319,300
img-551.jpg,527,300,pothole,314,157,361,176
img-551.jpg,527,300,pothole,436,195,526,221
img-551.jpg,527,300,pothole,398,160,434,182
img-551.jpg,527,300,pothole,368,127,390,140
img-551.jpg,527,300,pothole,291,107,328,120
img-551.jpg,527,300,pothole,328,202,372,223
img-551.jpg,527,300,pothole,341,114,368,121
img-552.jpg,400,300,pothole,88,99,245,191
img-552.jpg,400,300,pothole,1,211,123,275
img-552.jpg,400,300,pothole,282,137,382,174
img-552.jpg,400,300,pothole,283,171,383,211
img-552.jpg,400,300,pothole,275,206,362,282
img-552.jpg,400,300,pothole,226,96,331,133
img-552.jpg,400,300,pothole,236,75,298,92
img-552.jpg,400,300,pothole,118,40,187,61
img-552.jpg,400,300,pothole,196,48,266,71
img-552.jpg,400,300,pothole,269,35,324,62
img-552.jpg,400,300,pothole,243,22,285,37
img-552.jpg,400,300,pothole,197,16,244,28
img-552.jpg,400,300,pothole,153,23,200,36
img-552.jpg,400,300,pothole,88,30,122,40
img-552.jpg,400,300,pothole,105,17,130,23
img-552.jpg,400,300,pothole,114,5,137,11
img-552.jpg,400,300,pothole,141,9,165,17
img-553.jpg,455,300,pothole,220,93,252,103
img-553.jpg,455,300,pothole,65,130,253,231
img-554.jpg,532,300,pothole,182,163,269,191
img-554.jpg,532,300,pothole,108,150,183,170
img-554.jpg,532,300,pothole,43,126,131,147
img-554.jpg,532,300,pothole,15,212,204,253
img-554.jpg,532,300,pothole,150,254,257,297
img-554.jpg,532,300,pothole,324,232,409,252
img-554.jpg,532,300,pothole,132,129,231,145
img-555.jpg,400,300,pothole,135,135,312,200
img-556.jpg,400,300,pothole,105,106,138,124
img-556.jpg,400,300,pothole,151,151,288,194
img-556.jpg,400,300,pothole,97,77,128,82
img-557.jpg,400,300,pothole,147,142,246,186
img-558.jpg,400,300,pothole,92,147,263,193
img-558.jpg,400,300,pothole,178,132,229,150
img-558.jpg,400,300,pothole,270,145,293,157
img-559.jpg,533,300,pothole,268,42,469,197
img-559.jpg,533,300,pothole,1,258,47,300
img-56.jpg,720,720,pothole,268,275,457,376
img-56.jpg,720,720,pothole,411,73,451,90
img-560.jpg,450,300,pothole,116,140,138,151
img-560.jpg,450,300,pothole,262,126,292,137
img-560.jpg,450,300,pothole,246,106,259,112
img-560.jpg,450,300,pothole,182,97,210,105
img-561.jpg,400,300,pothole,176,38,212,52
img-561.jpg,400,300,pothole,190,5,247,25
img-561.jpg,400,300,pothole,279,1,400,161
img-561.jpg,400,300,pothole,20,87,298,191
img-561.jpg,400,300,pothole,61,201,179,300
img-561.jpg,400,300,pothole,2,231,44,255
img-561.jpg,400,300,pothole,163,57,191,76
img-561.jpg,400,300,pothole,124,70,160,87
img-561.jpg,400,300,pothole,339,163,400,193
img-562.jpg,400,300,pothole,164,110,197,128
img-562.jpg,400,300,pothole,185,259,228,300
img-563.jpg,533,300,pothole,204,212,260,252
img-563.jpg,533,300,pothole,312,38,385,71
img-564.jpg,400,300,pothole,163,205,245,243
img-564.jpg,400,300,pothole,4,174,109,212
img-564.jpg,400,300,pothole,202,158,304,180
img-564.jpg,400,300,pothole,314,189,360,206
img-564.jpg,400,300,pothole,137,124,190,136
img-565.jpg,406,300,pothole,1,84,388,256
img-566.jpg,438,300,pothole,234,52,268,64
img-566.jpg,438,300,pothole,218,32,247,44
img-566.jpg,438,300,pothole,240,120,278,147
img-566.jpg,438,300,pothole,296,104,344,131
img-566.jpg,438,300,pothole,343,208,381,237
img-566.jpg,438,300,pothole,188,172,232,197
img-566.jpg,438,300,pothole,135,95,153,106
img-566.jpg,438,300,pothole,122,85,139,97
img-566.jpg,438,300,pothole,89,118,126,140
img-566.jpg,438,300,pothole,82,154,124,188
img-567.jpg,450,300,pothole,72,47,403,269
img-568.jpg,400,300,pothole,113,102,268,168
img-568.jpg,400,300,pothole,90,81,135,101
img-569.jpg,400,300,pothole,158,124,242,146
img-569.jpg,400,300,pothole,151,156,278,190
img-57.jpg,720,720,pothole,274,296,437,391
img-570.jpg,533,300,pothole,285,126,365,172
img-570.jpg,533,300,pothole,232,188,322,216
img-570.jpg,533,300,pothole,158,264,215,300
img-570.jpg,533,300,pothole,416,214,472,240
img-570.jpg,533,300,pothole,349,39,396,74
img-571.jpg,533,300,pothole,172,152,209,165
img-571.jpg,533,300,pothole,25,220,107,273
img-571.jpg,533,300,pothole,87,252,131,283
img-571.jpg,533,300,pothole,152,206,201,233
img-571.jpg,533,300,pothole,204,212,254,237
img-571.jpg,533,300,pothole,282,221,323,240
img-571.jpg,533,300,pothole,236,249,284,279
img-571.jpg,533,300,pothole,159,253,211,286
img-571.jpg,533,300,pothole,181,285,249,300
img-571.jpg,533,300,pothole,305,273,373,298
img-571.jpg,533,300,pothole,234,166,257,178
img-571.jpg,533,300,pothole,216,161,235,167
img-571.jpg,533,300,pothole,241,137,323,177
img-571.jpg,533,300,pothole,326,178,499,248
img-571.jpg,533,300,pothole,464,246,533,300
img-572.jpg,533,300,pothole,193,153,291,175
img-572.jpg,533,300,pothole,287,154,315,169
img-572.jpg,533,300,pothole,28,125,62,135
img-573.jpg,544,300,pothole,75,122,452,204
img-574.jpg,498,300,pothole,261,194,469,230
img-574.jpg,498,300,pothole,87,158,237,185
img-574.jpg,498,300,pothole,50,135,147,155
img-574.jpg,498,300,pothole,178,122,266,136
img-574.jpg,498,300,pothole,39,107,89,117
img-574.jpg,498,300,pothole,1,100,23,109
img-574.jpg,498,300,pothole,240,71,290,79
img-574.jpg,498,300,pothole,275,52,343,58
img-574.jpg,498,300,pothole,303,138,351,155
img-575.jpg,409,300,pothole,47,87,171,145
img-575.jpg,409,300,pothole,207,60,353,78
img-575.jpg,409,300,pothole,234,48,336,57
img-575.jpg,409,300,pothole,189,106,313,134
img-575.jpg,409,300,pothole,117,163,388,267
img-576.jpg,400,300,pothole,4,141,394,264
img-576.jpg,400,300,pothole,198,111,283,135
img-577.jpg,480,300,pothole,37,154,235,234
img-577.jpg,480,300,pothole,104,120,141,132
img-577.jpg,480,300,pothole,35,241,96,300
img-577.jpg,480,300,pothole,274,194,342,237
img-577.jpg,480,300,pothole,313,242,354,283
img-577.jpg,480,300,pothole,361,227,419,270
img-577.jpg,480,300,pothole,359,182,437,218
img-577.jpg,480,300,pothole,366,146,479,189
img-577.jpg,480,300,pothole,322,126,363,150
img-577.jpg,480,300,pothole,339,110,402,131
img-577.jpg,480,300,pothole,254,141,324,185
img-577.jpg,480,300,pothole,214,117,248,138
img-577.jpg,480,300,pothole,432,219,480,259
img-577.jpg,480,300,pothole,222,204,253,237
img-578.jpg,449,300,pothole,102,61,378,260
img-579.jpg,400,300,pothole,1,156,400,284
img-58.jpg,720,720,pothole,249,297,402,416
img-58.jpg,720,720,pothole,96,132,220,191
img-58.jpg,720,720,pothole,482,6,536,45
img-580.jpg,535,300,pothole,146,196,202,222
img-580.jpg,535,300,pothole,157,168,185,181
img-580.jpg,535,300,pothole,231,243,289,269
img-581.jpg,447,300,pothole,66,143,111,160
img-581.jpg,447,300,pothole,79,167,143,204
img-581.jpg,447,300,pothole,303,167,402,201
img-581.jpg,447,300,pothole,365,227,391,237
img-581.jpg,447,300,pothole,355,246,401,280
img-581.jpg,447,300,pothole,293,214,350,243
img-582.jpg,481,300,pothole,29,24,422,276
img-583.jpg,533,300,pothole,338,94,496,154
img-584.jpg,459,300,pothole,94,77,389,275
img-584.jpg,459,300,pothole,367,7,448,62
img-585.jpg,450,300,pothole,122,91,296,136
img-585.jpg,450,300,pothole,44,96,103,113
img-585.jpg,450,300,pothole,80,23,218,75
img-585.jpg,450,300,pothole,188,8,263,21
img-585.jpg,450,300,pothole,1,198,383,300
img-586.jpg,400,300,pothole,1,28,396,252
img-587.jpg,503,300,pothole,78,184,240,254
img-587.jpg,503,300,pothole,315,182,360,200
img-588.jpg,491,300,pothole,241,143,428,245
img-589.jpg,450,300,pothole,141,233,203,262
img-589.jpg,450,300,pothole,201,219,238,236
img-589.jpg,450,300,pothole,87,172,147,196
img-589.jpg,450,300,pothole,181,171,212,185
img-589.jpg,450,300,pothole,236,175,272,185
img-589.jpg,450,300,pothole,301,173,323,183
img-589.jpg,450,300,pothole,231,169,284,177
img-589.jpg,450,300,pothole,175,142,213,156
img-589.jpg,450,300,pothole,78,141,94,148
img-589.jpg,450,300,pothole,123,145,152,157
img-589.jpg,450,300,pothole,154,130,168,137
img-589.jpg,450,300,pothole,320,216,408,246
img-59.jpg,720,720,pothole,218,237,522,411
img-59.jpg,720,720,pothole,249,456,426,567
img-590.jpg,534,300,pothole,92,131,475,300
img-591.jpg,540,300,pothole,129,99,368,165
img-591.jpg,540,300,pothole,83,181,446,294
img-592.jpg,336,300,pothole,90,154,184,200
img-592.jpg,336,300,pothole,154,30,171,38
img-592.jpg,336,300,pothole,123,29,142,34
img-593.jpg,521,300,pothole,172,184,356,255
img-593.jpg,521,300,pothole,293,153,486,189
img-593.jpg,521,300,pothole,369,124,521,161
img-594.jpg,457,300,pothole,22,59,87,83
img-594.jpg,457,300,pothole,120,8,179,34
img-594.jpg,457,300,pothole,332,4,379,23
img-594.jpg,457,300,pothole,58,99,146,142
img-594.jpg,457,300,pothole,126,80,168,100
img-594.jpg,457,300,pothole,195,120,389,172
img-595.jpg,300,300,pothole,162,155,241,214
img-595.jpg,300,300,pothole,33,215,164,298
img-595.jpg,300,300,pothole,192,264,291,300
img-595.jpg,300,300,pothole,253,204,300,245
img-595.jpg,300,300,pothole,45,113,162,162
img-595.jpg,300,300,pothole,184,106,230,126
img-595.jpg,300,300,pothole,243,117,285,147
img-595.jpg,300,300,pothole,285,146,300,164
img-595.jpg,300,300,pothole,166,48,212,64
img-595.jpg,300,300,pothole,117,75,174,94
img-595.jpg,300,300,pothole,109,61,134,72
img-595.jpg,300,300,pothole,37,59,95,80
img-595.jpg,300,300,pothole,194,33,224,44
img-595.jpg,300,300,pothole,157,27,197,39
img-595.jpg,300,300,pothole,66,38,140,58
img-595.jpg,300,300,pothole,199,11,253,32
img-595.jpg,300,300,pothole,151,96,192,112
img-595.jpg,300,300,pothole,198,80,217,91
img-595.jpg,300,300,pothole,1,198,26,230
img-596.jpg,450,300,pothole,1,62,450,280
img-597.jpg,450,300,pothole,163,192,280,244
img-597.jpg,450,300,pothole,208,283,252,300
img-598.jpg,533,300,pothole,22,130,73,151
img-598.jpg,533,300,pothole,220,162,300,195
img-598.jpg,533,300,pothole,275,64,313,77
img-598.jpg,533,300,pothole,214,51,286,68
img-598.jpg,533,300,pothole,471,191,529,300
img-599.jpg,533,300,pothole,2,127,61,148
img-599.jpg,533,300,pothole,183,126,210,139
img-599.jpg,533,300,pothole,285,66,330,84
img-599.jpg,533,300,pothole,333,89,381,99
img-599.jpg,533,300,pothole,321,107,349,116
img-599.jpg,533,300,pothole,269,87,296,97
img-599.jpg,533,300,pothole,242,162,288,182
img-599.jpg,533,300,pothole,175,182,260,215
img-599.jpg,533,300,pothole,321,155,345,165
img-599.jpg,533,300,pothole,309,186,416,213
img-599.jpg,533,300,pothole,327,228,421,284
img-599.jpg,533,300,pothole,368,148,433,178
img-6.jpg,720,720,pothole,276,215,443,357
img-6.jpg,720,720,pothole,264,322,502,608
img-60.jpg,720,720,pothole,308,282,443,404
img-60.jpg,720,720,pothole,364,426,432,471
img-600.jpg,450,300,pothole,166,159,328,225
img-600.jpg,450,300,pothole,235,123,348,163
img-600.jpg,450,300,pothole,335,86,386,110
img-600.jpg,450,300,pothole,344,61,388,75
img-600.jpg,450,300,pothole,352,51,388,61
img-601.jpg,450,300,pothole,118,163,275,206
img-601.jpg,450,300,pothole,114,76,425,124
img-602.jpg,529,300,pothole,122,112,350,244
img-603.jpg,300,533,pothole,1,129,300,364
img-604.jpg,445,300,pothole,273,160,375,208
img-604.jpg,445,300,pothole,255,128,360,159
img-604.jpg,445,300,pothole,166,113,205,128
img-604.jpg,445,300,pothole,1,137,153,177
img-604.jpg,445,300,pothole,71,106,136,117
img-604.jpg,445,300,pothole,1,112,45,121
img-604.jpg,445,300,pothole,1,101,44,111
img-604.jpg,445,300,pothole,67,94,106,101
img-604.jpg,445,300,pothole,1,211,314,300
img-605.jpg,421,300,pothole,70,76,382,265
img-606.jpg,600,300,pothole,191,49,411,300
img-607.jpg,485,300,pothole,52,100,417,266
img-608.jpg,300,357,pothole,16,176,257,357
img-609.jpg,400,300,pothole,34,152,112,178
img-609.jpg,400,300,pothole,86,141,321,289
img-609.jpg,400,300,pothole,271,63,315,74
img-609.jpg,400,300,pothole,254,74,394,114
img-609.jpg,400,300,pothole,391,120,400,140
img-61.jpg,720,720,pothole,277,265,401,341
img-610.jpg,300,400,pothole,102,212,237,282
img-610.jpg,300,400,pothole,125,147,195,172
img-610.jpg,300,400,pothole,61,157,106,175
img-610.jpg,300,400,pothole,1,211,69,238
img-611.jpg,437,300,pothole,47,99,396,193
img-612.jpg,400,300,pothole,19,117,305,254
img-612.jpg,400,300,pothole,226,59,272,74
img-612.jpg,400,300,pothole,221,96,262,111
img-612.jpg,400,300,pothole,314,89,360,103
img-613.jpg,506,300,pothole,106,99,397,214
img-613.jpg,506,300,pothole,228,215,290,266
img-613.jpg,506,300,pothole,19,48,117,76
img-614.jpg,474,300,pothole,168,93,339,295
img-614.jpg,474,300,pothole,221,38,271,60
img-615.jpg,486,300,pothole,24,73,358,198
img-616.jpg,451,300,pothole,148,161,169,172
img-616.jpg,451,300,pothole,93,155,340,240
img-616.jpg,451,300,pothole,304,121,366,142
img-616.jpg,451,300,pothole,262,111,285,119
img-616.jpg,451,300,pothole,420,193,451,216
img-617.jpg,450,300,pothole,210,207,272,223
img-617.jpg,450,300,pothole,249,207,285,243
img-617.jpg,450,300,pothole,84,245,287,297
img-617.jpg,450,300,pothole,174,186,209,198
img-617.jpg,450,300,pothole,166,169,214,176
img-618.jpg,533,300,pothole,116,137,185,202
img-618.jpg,533,300,pothole,213,224,328,300
img-618.jpg,533,300,pothole,310,180,345,219
img-618.jpg,533,300,pothole,248,69,300,93
img-618.jpg,533,300,pothole,244,100,323,185
img-618.jpg,533,300,pothole,300,52,335,102
img-618.jpg,533,300,pothole,270,47,298,57
img-619.jpg,472,300,pothole,159,107,348,189
img-62.jpg,720,720,pothole,251,217,382,327
img-62.jpg,720,720,pothole,211,341,373,506
img-620.jpg,571,300,pothole,53,210,409,271
img-620.jpg,571,300,pothole,494,224,534,238
img-621.jpg,303,300,pothole,198,146,240,183
img-621.jpg,303,300,pothole,7,44,114,117
img-621.jpg,303,300,pothole,1,25,49,40
img-621.jpg,303,300,pothole,147,45,214,69
img-621.jpg,303,300,pothole,224,65,287,87
img-621.jpg,303,300,pothole,3,158,45,221
img-622.jpg,655,300,pothole,96,81,316,198
img-622.jpg,655,300,pothole,317,147,554,300
img-622.jpg,655,300,pothole,483,120,523,151
img-622.jpg,655,300,pothole,448,72,502,103
img-622.jpg,655,300,pothole,403,84,463,128
img-622.jpg,655,300,pothole,355,21,401,55
img-622.jpg,655,300,pothole,276,6,338,21
img-622.jpg,655,300,pothole,195,16,229,35
img-623.jpg,534,300,pothole,94,51,414,267
img-624.jpg,427,300,pothole,71,166,159,201
img-624.jpg,427,300,pothole,178,195,247,230
img-624.jpg,427,300,pothole,126,239,185,286
img-624.jpg,427,300,pothole,291,282,339,300
img-624.jpg,427,300,pothole,60,143,94,160
img-624.jpg,427,300,pothole,20,136,57,151
img-624.jpg,427,300,pothole,128,127,184,143
img-624.jpg,427,300,pothole,92,129,125,140
img-624.jpg,427,300,pothole,93,117,112,126
img-624.jpg,427,300,pothole,305,147,343,157
img-624.jpg,427,300,pothole,398,149,427,171
img-625.jpg,533,300,pothole,62,124,456,198
img-625.jpg,533,300,pothole,80,197,228,276
img-625.jpg,533,300,pothole,247,197,475,283
img-626.jpg,450,300,pothole,114,101,310,157
img-626.jpg,450,300,pothole,414,76,450,90
img-627.jpg,600,300,pothole,85,198,214,252
img-627.jpg,600,300,pothole,383,231,482,262
img-628.jpg,447,300,pothole,114,59,330,220
img-629.jpg,400,300,pothole,93,56,279,204
img-63.jpg,720,720,pothole,270,259,471,390
img-630.jpg,450,300,pothole,32,164,306,283
img-630.jpg,450,300,pothole,257,123,359,157
img-631.jpg,452,300,pothole,351,26,452,86
img-631.jpg,452,300,pothole,84,82,177,111
img-631.jpg,452,300,pothole,2,92,452,297
img-632.jpg,450,300,pothole,41,227,132,256
img-633.jpg,399,300,pothole,57,74,367,184
img-634.jpg,450,300,pothole,212,76,250,100
img-634.jpg,450,300,pothole,254,57,276,73
img-634.jpg,450,300,pothole,244,112,277,142
img-634.jpg,450,300,pothole,191,161,236,177
img-634.jpg,450,300,pothole,208,151,240,160
img-634.jpg,450,300,pothole,320,170,345,204
img-634.jpg,450,300,pothole,330,213,369,258
img-634.jpg,450,300,pothole,305,116,325,137
img-634.jpg,450,300,pothole,287,75,313,99
img-634.jpg,450,300,pothole,205,110,223,119
img-634.jpg,450,300,pothole,201,122,219,128
img-634.jpg,450,300,pothole,215,101,228,108
img-634.jpg,450,300,pothole,229,47,245,54
img-635.jpg,300,300,pothole,1,85,300,240
img-636.jpg,450,300,pothole,132,158,288,188
img-636.jpg,450,300,pothole,201,128,290,144
img-636.jpg,450,300,pothole,243,110,272,119
img-636.jpg,450,300,pothole,322,108,381,129
img-636.jpg,450,300,pothole,379,147,450,184
img-636.jpg,450,300,pothole,1,226,149,282
img-636.jpg,450,300,pothole,302,75,317,85
img-637.jpg,464,300,pothole,143,57,191,68
img-637.jpg,464,300,pothole,100,232,157,255
img-638.jpg,533,300,pothole,22,27,489,272
img-639.jpg,534,300,pothole,92,28,383,103
img-64.jpg,720,720,pothole,209,333,456,476
img-640.jpg,400,300,pothole,66,131,303,242
img-641.jpg,464,300,pothole,13,87,202,173
img-642.jpg,300,400,pothole,86,135,173,159
img-642.jpg,300,400,pothole,77,209,247,301
img-642.jpg,300,400,pothole,218,330,294,381
img-643.jpg,400,300,pothole,170,169,315,215
img-644.jpg,300,399,pothole,101,28,244,64
img-644.jpg,300,399,pothole,104,83,196,138
img-644.jpg,300,399,pothole,29,163,248,361
img-645.jpg,451,300,pothole,171,227,384,289
img-646.jpg,534,300,pothole,143,174,397,244
img-647.jpg,533,300,pothole,189,83,386,265
img-648.jpg,720,266,pothole,262,231,419,262
img-648.jpg,720,266,pothole,144,213,240,237
img-648.jpg,720,266,pothole,228,200,384,215
img-648.jpg,720,266,pothole,347,180,428,193
img-648.jpg,720,266,pothole,244,153,307,162
img-648.jpg,720,266,pothole,1,194,88,248
img-648.jpg,720,266,pothole,159,128,217,141
img-648.jpg,720,266,pothole,326,124,378,134
img-648.jpg,720,266,pothole,512,197,557,209
img-648.jpg,720,266,pothole,501,172,546,182
img-648.jpg,720,266,pothole,459,158,515,170
img-648.jpg,720,266,pothole,560,232,720,266
img-649.jpg,532,300,pothole,120,71,358,175
img-649.jpg,532,300,pothole,355,205,520,300
img-65.jpg,720,720,pothole,233,357,492,504
img-650.jpg,435,300,pothole,206,193,269,218
img-650.jpg,435,300,pothole,139,212,214,258
img-651.jpg,400,300,pothole,128,118,306,214
img-652.jpg,450,300,pothole,133,195,423,297
img-652.jpg,450,300,pothole,1,150,194,229
img-652.jpg,450,300,pothole,1,107,111,142
img-653.jpg,450,300,pothole,1,57,87,126
img-653.jpg,450,300,pothole,60,1,124,14
img-653.jpg,450,300,pothole,52,80,379,259
img-654.jpg,450,300,pothole,238,179,381,221
img-654.jpg,450,300,pothole,270,169,290,177
img-654.jpg,450,300,pothole,43,43,80,52
img-655.jpg,534,300,pothole,1,187,188,276
img-655.jpg,534,300,pothole,102,84,283,151
img-655.jpg,534,300,pothole,1,55,144,133
img-655.jpg,534,300,pothole,167,44,246,68
img-655.jpg,534,300,pothole,316,27,534,90
img-655.jpg,534,300,pothole,296,87,463,139
img-655.jpg,534,300,pothole,366,170,534,275
img-655.jpg,534,300,pothole,1,25,118,53
img-656.jpg,300,440,pothole,76,199,234,295
img-656.jpg,300,440,pothole,145,52,171,58
img-657.jpg,400,300,pothole,7,76,383,232
img-658.jpg,300,400,pothole,224,175,283,226
img-658.jpg,300,400,pothole,88,168,130,188
img-658.jpg,300,400,pothole,66,240,229,314
img-658.jpg,300,400,pothole,136,63,182,82
img-659.jpg,533,300,pothole,93,173,462,243
img-66.jpg,720,720,pothole,244,198,485,467
img-66.jpg,720,720,pothole,414,212,504,306
img-66.jpg,720,720,pothole,374,27,435,66
img-66.jpg,720,720,pothole,59,30,122,52
img-66.jpg,720,720,pothole,137,47,207,119
img-66.jpg,720,720,pothole,287,160,320,185
img-660.jpg,450,300,pothole,212,226,288,274
img-661.jpg,533,300,pothole,113,125,531,300
img-662.jpg,452,300,pothole,169,205,239,233
img-662.jpg,452,300,pothole,216,241,260,267
img-662.jpg,452,300,pothole,293,244,337,277
img-662.jpg,452,300,pothole,260,166,306,183
img-662.jpg,452,300,pothole,157,144,180,153
img-663.jpg,335,300,pothole,28,113,139,150
img-663.jpg,335,300,pothole,61,151,126,181
img-663.jpg,335,300,pothole,135,172,196,210
img-663.jpg,335,300,pothole,51,228,159,276
img-663.jpg,335,300,pothole,224,127,250,144
img-663.jpg,335,300,pothole,267,74,320,98
img-663.jpg,335,300,pothole,117,53,145,62
img-663.jpg,335,300,pothole,231,19,253,29
img-663.jpg,335,300,pothole,251,48,275,55
img-663.jpg,335,300,pothole,259,56,284,61
img-664.jpg,400,300,pothole,1,57,377,227
img-665.jpg,452,300,pothole,114,129,284,197
img-67.jpg,720,720,pothole,160,282,379,449
img-67.jpg,720,720,pothole,445,169,622,320
img-67.jpg,720,720,pothole,552,0,705,47
img-68.jpg,720,720,pothole,331,255,564,404
img-68.jpg,720,720,pothole,206,156,379,191
img-69.jpg,720,720,pothole,330,332,441,437
img-69.jpg,720,720,pothole,154,35,271,105
img-7.jpg,720,720,pothole,140,198,512,373
img-70.jpg,720,720,pothole,255,250,456,356
img-70.jpg,720,720,pothole,456,287,545,350
img-71.jpg,720,720,pothole,290,327,435,443
img-71.jpg,720,720,pothole,638,541,720,590
img-72.jpg,720,720,pothole,260,287,493,433
img-73.jpg,720,720,pothole,236,325,474,516
img-73.jpg,720,720,pothole,249,82,404,137
img-74.jpg,720,720,pothole,311,322,415,378
img-75.jpg,720,720,pothole,285,291,418,398
img-76.jpg,720,720,pothole,194,211,377,359
img-76.jpg,720,720,pothole,319,323,461,486
img-77.jpg,720,720,pothole,257,359,407,471
img-77.jpg,720,720,pothole,162,256,353,413
img-77.jpg,720,720,pothole,253,15,329,49
img-77.jpg,720,720,pothole,470,351,720,720
img-78.jpg,720,720,pothole,284,272,485,443
img-78.jpg,720,720,pothole,146,171,202,251
img-79.jpg,720,720,pothole,106,236,609,449
img-8.jpg,720,720,pothole,196,311,387,449
img-8.jpg,720,720,pothole,383,273,498,391
img-80.jpg,720,720,pothole,216,226,449,421
img-81.jpg,720,720,pothole,235,327,526,464
img-81.jpg,720,720,pothole,237,243,378,325
img-82.jpg,720,720,pothole,221,182,470,395
img-82.jpg,720,720,pothole,453,85,514,121
img-83.jpg,720,720,pothole,276,263,468,474
img-84.jpg,720,720,pothole,209,235,351,340
img-84.jpg,720,720,pothole,269,344,385,438
img-84.jpg,720,720,pothole,74,603,223,716
img-85.jpg,720,720,pothole,231,289,383,381
img-85.jpg,720,720,pothole,441,292,510,357
img-86.jpg,720,720,pothole,230,282,395,395
img-86.jpg,720,720,pothole,357,378,514,464
img-87.jpg,720,720,pothole,235,265,440,530
img-88.jpg,720,720,pothole,263,314,391,486
img-89.jpg,720,720,pothole,228,249,438,387
img-89.jpg,720,720,pothole,573,466,648,550
img-9.jpg,720,720,pothole,264,289,480,416
img-9.jpg,720,720,pothole,388,37,498,84
img-90.jpg,720,720,pothole,264,337,476,491
img-91.jpg,720,720,pothole,296,315,386,421
img-92.jpg,720,720,pothole,171,279,524,493
img-93.jpg,720,720,pothole,2,37,139,114
img-93.jpg,720,720,pothole,0,141,141,261
img-93.jpg,720,720,pothole,158,284,483,464
img-94.jpg,720,720,pothole,180,305,509,426
img-95.jpg,720,720,pothole,288,233,440,366
img-95.jpg,720,720,pothole,110,180,259,345
img-96.jpg,720,720,pothole,257,306,382,409
img-97.jpg,720,720,pothole,245,263,477,348
img-97.jpg,720,720,pothole,188,166,312,184
img-97.jpg,720,720,pothole,151,87,237,127
img-98.jpg,720,720,pothole,505,44,585,101
img-98.jpg,720,720,pothole,234,243,492,426
img-98.jpg,720,720,pothole,547,272,720,394
img-98.jpg,720,720,pothole,653,345,720,420
img-99.jpg,720,720,pothole,228,269,478,474
NR1.jpg,284,177,Normal_road,9,83,206,174
NR10.jpg,1346,882,Normal_road,379,651,1069,882
NR2.jpg,290,174,Normal_road,30,77,262,150
NR3.jpg,284,177,Normal_road,20,69,275,166
NR3.jpg,284,177,trees,4,5,76,50
NR4.jpg,301,167,Normal_road,73,59,287,167
NR4.jpg,301,167,Car,170,29,193,40
NR5.jpg,354,142,Normal_road,3,84,172,127
NR6.jpg,275,183,Normal_road,64,144,165,183
NR6.jpg,275,183,Sky,1,1,274,101
NR7.jpg,284,177,Normal_road,38,124,226,177
NR8.jpg,259,194,Normal_road,60,124,189,194
NR9.jpg,744,389,Normal_road,212,242,580,389
NR9.jpg,744,389,Sky,3,4,622,73
